{
  "total_calories": 34.477783203125,
  "total_fat":       1.94635009765625,
  "total_carb":      2.755054473876953,
  "total_protein":   1.8984832763671875
}
