{
  "mean": [252.74119567871094, 12.633040428161621, 19.009723663330078, 18.05043601989746],
  "std":  [208.1276397705078,  13.298544883728027, 15.73009204864502,  20.08193588256836]
}
